Source_id,Sentence_en
1,"In this tutorial , we will be used in the ."
2,"So , I will leave this file ."
3,"Now , click on this file ."
4,"Now , we will learn how to the file ."
5,"So , we have to the the of the , of the , , and I have to the ."
6,"In this tutorial , we will learn about the in the ."
7,Boy has respect in you all .
8,It is the of the body .
9,"And Jesus answered him , , , , , , , , , , , , , , , , , and the , ,"
10,"So , we will be able to the , , , ,"
11,Let us go back .
12,This is a song .
13,"Now , go back to click on Save button ."
14,"So , I will be used to the . ."
15,Click on the right corner .
16,"So , we have declared a file of this tutorial ."
17,"In this lesson , you can be able to our body ."
18,You are two .
19,"The : One who has been contributed , and , and , and , and , and , and , and , and , and , and , and , and , and , and , and , and , and , and , and , and , and , and , and , and , and , and the"
20,We can see that we can see here here .
21,This is a song .
22,.
23,We can see that we can we can see .
24,"We can also learn about the to make the , and , and , and the ."
25,"So , we will be able to the ."
26,You can also learn how to your own .
27,"So , we will be able ."
28,Boy displays modesty in you all .
29,"So , we have successfully installed in the command prompt ."
30,"In this tutorial , we will type :"
31,"So , we will be able ."
32,The the left of the left leg and the left palm .
33,I can select the image and I select the image .
34,Let us go back to the output .
35,"So , I will be able to ."
36,"So , I will be able to the the , , and the , ,"
37,It is is used in the plants of plants .
38,"Now , let us go to the , , and , and , and , and , and the , and the ."
39,"Now , we will be used in the ."
40,The : One who has been .
41,This is a file .
42,"In this tutorial , we will be able to the"
43,Let us summarize this tutorial .
44,"So , let us learn how to the ."
45,You will be used .
46,"In this tutorial , we will type :"
47,"For more details , please write ."
48,"Now , let us now a new window ."
49,"So , I will type a new window ."
50,"So , we will be able ."
51,Welcome to the spoken tutorial on spoken tutorial .
52,"Now , we have declared a variable of the variable ."
53,We can see the output .
54,We can see that we have created a file .
55,"Now , we can see that we can see that we can see how ."
56,"So , let us look ."
57,We will now .
58,"So , I think this image , I am I think this image ."
59,"It is the in the of the , of the ."
60,"And , we have to the the ."
61,"So , type : spoken tutorial ."
62,Press Enter . Press Enter .
63,"So , let us go to the ."
64,"Now , let us see the error ."
65,"And when they had the , , and the , , and the , and the , and the ."
66,"So , we will be able ."
67,If you want to If you want to If you will be able to you .
68,"To do this tutorial , we will be able to the ."
69,It is the right nostril in the body of the .
70,This will type the value .
71,This is in the .
72,This is a look .
73,"Now , click on the image ."
74,Here is here here .
75,We will now here here .
76,"So , we will be a little , , , , , , , , , , , , , and ,"
77,"So , I will come back to the top ."
78,"We can see that this tutorial , we can see a file ."
79,Child has respect in the .
80,What does ?
81,"So , we can see that our website of our website ."
82,"In this lesson , we will be able to the ."
83,"Now , let us now the output ."
84,"Now , let us go the . ."
85,"So , I will not not in the , of God ."
86,"The : One who is a single ,"
87,It is also learn about the food of the food .
88,"So , I will click on the image ."
89,"Now , let us now the end ."
90,The is the of the .
91,"In this tutorial , we have learnt how to create using Ubuntu Linux ."
92,"So , we will be able to our file ."
93,"Now , we will learn how to create a file ."
94,"Now , we can see how to create a file ."
95,We will be able .
96,Click on Edit Profile link . Click .
97,The : One who is the ?
98,She are two .
99,This is a file or a file or or or or or or or or or or or or or or or or .
100,"So , we will be able to the the of the of the ."
101,"So , I say unto him , but , not , but , but , but , but , but , not , not , and not ."
102,We can see that we have successfully installed .
103,"And he said unto him , and he was the ."
104,"And he saith unto him , and , he was , and , he was , and , and , and , and he was , and , and the ."
105,"Now , let us go to the ."
106,"So , we will be able to ."
107,You are two .
108,The is is .
109,The is the the .
110,To follow this tutorial .
111,"Now , click on the button ."
112,This is now .
113,"So , let us go to the the of the , of God ."
114,There are there are in the .
115,"Now , let us see that we will be added in this tutorial ."
116,"We , we will learn about about ."
117,Now press Enter .
118,"In this tutorial , we will learn how to create a file ."
119,"Now , let us go to the same of the ."
120,"Now , we have heard the , , , , , , , , , and the , , and the , of God ."
121,"Now , we can see a single quotes , we can see a single quotes ."
122,"Now , we can see that we can see the same ."
123,You all must .
124,We can see that we can see the same of the .
125,"To this tutorial , we will type the command prompt ."
126,You are two .
127,The : One who is the
128,"So , I will look at this file ."
129,"So , we will type the main method ."
130,"Now , let us now now ."
131,It is helps in the body .
132,"In this tutorial , we will type : System dot jsp ."
133,"So , we will learn how to the ."
134,"So , I will learn about the and ."
135,"So , I will be it ."
136,This is a file name is a file .
137,"Here , we can see that here ."
138,"So , we will learn about ."
139,This is a file name is a file name is a file .
140,We can see that we can see that we can see .
141,We are two .
142,"So , we will be able ."
143,We can also learn about .
144,While the left of the left leg the left of the left of the left of the right hand .
145,This is is a file .
146,This is the in .
147,"So , this tutorial , we have declared a file ."
148,The Spoken Tutorial Project is a part of the Talk .
149,Spoken Tutorial Project Team conducts workshops using .
150,"And when they were him , and , and the , , and the , , and the him , and the him , and the him ,"
151,Click on your system .
152,You can see your Koha .
153,I will be used and and .
154,"Now , this tutorial , this tutorial on this tutorial ."
155,"It is not only one of the , that we have not visible ."
156,Type g space slash space slash space slash space slash space slash space press Enter .
157,Let us learn about the name .
158,"So , we will learn how to the the of the , ,"
159,It is the left leg .
160,"So , I say unto him , , , , , , , , I will be unto him ."
161,"So , we have good bandwidth , , we will be able to our Lord ."
162,"And they said unto him , but , but , but , but , but , but , but , but , but , but , but , but , but ."
163,I will now .
164,"So , we have to create a file and the and and the ."
165,We can see that we can see that we have successfully installed .
166,This is is the is in the .
167,"Now , let us look at the left palm ."
168,"Now , we will look at this tutorial ."
169,"And he said unto him , saying , saying , saying , saying , saying , saying , saying , saying , saying , saying , saying , saying , saying , saying , saying , saying , saying , saying , saying , saying , saying , saying , saying , saying , saying , saying , saying ,"
170,"To follow this tutorial , I am using ."
171,"So , I can select the image and I can select the image ."
172,"To do this file , click on the file file ."
173,"And Jesus said unto him , and said unto him , and said unto him ."
174,"And he was the , , , , , , , ,"
175,"Now , let us see how to see how ."
176,"Now , click on Save ."
177,"Now , we will type the file ."
178,"So , I will select a new page ."
179,You are two .
180,It is the in the .
181,Welcome to the spoken tutorial on Spoken Tutorial spoken tutorial .
182,We can see that we can see that we can see that we can see that we can see that we can see .
183,Let me now .
184,"So , we can see the this file ."
185,"Now , we can see that we have successfully installed successfully installed ."
186,"Now , you will be able to the ."
187,"So , let us go the output ."
188,"So , I will select the image ."
189,"Now , let us learn how to the command prompt ."
190,While inhaling you should come back to the body of the body of the body .
191,The Spoken Tutorial Project is a part of the Talk is a Teacher project .
192,The Spoken Tutorial Project Team conducts workshops using spoken tutorials .
193,"And when we have been , but , but , but , but , but , but , but , but , but ,"
194,The is is is the .
195,In the left of the right hand of the right hand .
196,Let us start .
197,This is the the of the .
198,"So , I will be able to the ."
199,"So , I I can see that I can see that I can see that I can see that I can see that I can see that I can see that I can see that I can see the image ."
200,The : One who has been
201,"So , we can use the with using with the ."
202,"Now , let us now ."
203,You are two .
204,This is a file .
205,"And he said unto him , but , but , but , but , but , but he was not , but , but , but , but , but , and , and shall not ."
206,"So , I will leave this ."
207,"Now , let us save this image ."
208,Click on the Selector tool .
209,"So , I am using ."
210,"In this lesson , , , , , , , , and asana ."
211,"Now , we can see that our program in the program ."
212,Click on the drop down .
213,"So , we will learn how to create a file ."
214,You will learn how to create a file .
215,"To follow this tutorial , we will learn about the the and and the the and ."
216,"So , we can see the main method ."
217,"And Jesus saith unto him , we , we , we , we , we , we have been , , we have been , , we have been ,"
218,Child has respect in you all .
219,This is is a file .
220,"And when I am unto him , , , , , , , I will be unto him ."
221,"Now , you can see that you ."
222,Boy displays modesty in you all .
223,"So , I will select the image ."
224,"And Jesus answered unto him , , , , , , , , , , , , , , , , , , , , , , , , , , , , , , , , , , , , , , , , , , , , , , , , , , , , , and ,"
225,The : One who is a file .
226,It is a small of the body .
227,"So , we will learn how to the ."
228,"So , we have good bandwidth ."
229,"To execute , type : ls space slash space slash space space space space press Enter ."
230,"To do so , , , , , , , , , , , , , , , , , ,"
231,"So , let us go to the ."
232,If you study you ?
233,"So , we can see that there is a file ."
234,Those are two .
235,"Here , here is here here ."
236,"And when he was the , , , , , , , , , , , , and , and , and , and his disciples ."
237,It is not is not .
238,"For this , , , , , , , , , , , , , , , , and ,"
239,It is a few of the body .
240,"So , we will be able to the file ."
241,If you can be able to the body .
242,"So , we can see a single quotes , we can see the command prompt ."
243,What is the ?
244,We can see that we can see that we can see that we can see how .
245,"In this tutorial , we will learn about the ."
246,"So , we will learn how to our file ."
247,"In this tutorial , we will be able to our ."
248,"In this tutorial , we have successfully installed ."
249,We can also this tutorial on this tutorial .
250,"So , we have to the the in the ."
251,"Now , let us go to the , , and , and , and , and , and , and , and , and , and ."
252,These are two .
253,It is not in the in the file .
254,"So , we have good bandwidth , , I will be able ."
255,"So , I will change the file ."
256,This is a file .
257,"So , we will learn about the file ."
258,"Next , click on the bottom ."
259,"So , type ."
260,"For I have not you , you , you , you , you , you , you , you , you , you , you , you , you , you , you , you , you , you , you , you , you , you , you , you , you , you , you , you ,"
261,A new window opens .
262,"In this tutorial , we will be used in this file ."
263,"So , we will be used in the name ."
264,Those are two .
265,"So , let us change the code ."
266,Type opening curly .
267,"So , I will be able to the with the ."
268,You can also be able to the .
269,It is the of the of the of the body .
270,"And when they were , , , , , , , , , , , , , , ,"
271,"And when he said unto him , saying , saying , saying , saying ,"
272,"So , we will type the main method ."
273,"Now , we will now ."
274,"Now , let us change the file ."
275,"So , we have a file ."
276,"So , let us look at this ."
277,"So , we will learn about ."
278,"Now , let us go to the , , , , , , , , , , , , , , , , , , , , , , , , , , , , , , , , ,"
279,"Now , let us see that this tutorial ."
280,"So , we will be able to the ."
281,"So , I can see that I can see this image ."
282,We can do not not not .
283,We can see that this method .
284,"So , I am using the and and ."
285,We can see the code .
286,"So , we will be able to the ."
287,"And when he saith unto him , saying , saying , saying , saying , saying , saying , ?"
288,You all must .
289,"And Jesus said unto him , saying , saying , saying , saying , saying , saying , saying , saying , saying ,"
290,"Now , let us go to the program ."
291,"Now , let us go back to the terminal to the terminal ."
292,"So , we have good bandwidth , we will be able ."
293,We can see the code .
294,Let us go back .
295,"And Jesus answered , , , , , , , , , , , , , , , , ,"
296,We can see that we have successfully installed .
297,"We can see that this tutorial , we have successfully installed ."
298,"So , I will be used to the the name ."
299,"We can see that we have seen in the , of the , of the , of the ."
300,"Now , let us go back to the back to ."
301,"So , we can see a single quotes , , ,"
302,We can see the the of the the of the of the .
303,"Now , let us add a file ."
304,"So , we will be able to the , , , and ,"
305,Scroll down and click on Save button .
306,"Now , click on the drop down and click on the drop down ."
307,"And when they departed , the , , and , , , , and , ,"
308,I will be used .
309,"So , we have good bandwidth , , , , , , , , , , , , , , , , , , , , , , , , , , , , , , , , , , , , , , , , , , , , , , , , , ,"
310,"And when we have been , , , , , , , , , , , , , , , , , , , , , , , , , , , , , , , , , , , , , , and , and , and , , and , , and , and the , , and"
311,"Now , click on the ."
312,"If , we will be able to you , you will be able to see ."
313,"Now , let us look at the . ."
314,"Now , go back to the terminal ."
315,There are two are in the .
316,We can also learn how to the the of the and of the .
317,Click on the left leg .
318,"So , we will be able to the ."
319,While inhaling of the body of the body .
320,This is now .
321,"So , I will be my my Father ."
322,Those are two .
323,It is the body of the body of the body of the body .
324,We can see that we have successfully installed successfully installed successfully .
325,"Now , let us now now ."
326,"So , I am using the ."
327,"Now , click on the text editor ."
328,"In this tutorial , we will be able to :"
329,"Now , let us learn how to learn about ."
330,This is a file .
331,"Now , we can see that we can see that we will be added ."
332,"Now , we will learn how to add ."
333,"So , let us look at the . ."
334,"So , we will learn how to create a variable ."
335,"Now , I am using the and I am using and I am using and I am using and and I ."
336,"So , we can see that you can see that you can see that you can see a file ."
337,"Now , let us learn about ."
338,"Now , let us now create a new user ."
339,"In this tutorial , click on the drop down ."
340,"And when he said unto him , and , , , , , , and shall be unto him ."
341,"So , let us look ."
342,"So , we will learn how to create a class method ."
343,"So , let us learn about the main method ."
344,"So , we have declared the output ."
345,So :
346,Let us go to the .
347,"And he said unto him , saying , and he was , and his disciples ."
348,"So , I will be able to the , , , ,"
349,I I think this image .
350,It is is a file of the of the of the .
351,"So , I will leave the image ."
352,"Now , we will now the output ."
353,You can see that you can see the file .
354,"Now , let us now now ."
355,You are two .
356,"Now , click on the and click on the and press Enter ."
357,Click on the drop down .
358,"So , we can see a new file ."
359,"In this tutorial , we will be able to pass ."
360,"So , we will be able ."
361,It is in the body .
362,There are there are in the .
363,"Now , click on the code ."
364,If not select the drop down .
365,"We can also learn how to get a file , you can be able to you can be able ."
366,"So , we will learn how to then , if you will be able ."
367,"So , type the main method ."
368,"To follow this tutorial ,"
369,"So , let us learn about the same ."
370,The Spoken Tutorial Project Team conducts workshops .
371,"Now , type , type :"
372,"To select the drop down , select the drop down ."
373,"So , we will be used in the ."
374,"And when he saith unto him , , , , , , , , , , , , , , , , , , , , , , , , , , , , , , , , , , , , , , , , , , , , , , , , , , , , and ,"
375,"So , let us learn how to create a file of the ."
376,"So , I select the layer mask and I select the layer mask ."
377,Boy displays modesty in you .
378,It is not not visible .
379,"To record this tutorial , type :"
380,"So , we will learn about the name ."
381,There are are two are .
382,"Now , click on the Categories ."
383,It is is a single of the .
384,"So , we have good bandwidth , , , , , , , , , , , , , , , , , , , , , , , , , , , , , , , , , , , , , , , , , , , , , , , , , and shall be ."
385,We can see that we will be added .
386,"So , we will see what happens ."
387,You : One
388,"Now , select the drop down and select the drop down ."
389,This is is a file .
390,"So , I will now I ."
391,"So , I will be used ."
392,Boy displays regard in you .
393,Who : One who has ?
394,"Now , let us learn how to create a static method ."
395,"So , we will be able to the file ."
396,"Here , type here ."
397,"Now , we will learn how to create a static methods , we have successfully installed ."
398,"Now , let us learn how to create a class ."
399,"So , we will be not to the the ."
400,You can see that you can see here here .
401,"So , type ."
402,The is the of the .
403,"Now , type the command prompt , type :"
404,This is is a file .
405,You : One
406,"So , we will be able ."
407,"So , let us learn about the and ."
408,This is is a file .
409,"And when he was , , , , , , , , , , , , , , , , , , , , , , , , , ,"
410,If you can see that you can see that you can see that you can see that you can see the image .
411,"Now , let us change the main method ."
412,These are two .
413,You all will look .
414,"And when he was , and , and , , and , and , and , and , and , and , and , and , and , and , and , and , and , and , and , and , and , and ,"
415,"Now , let us go back to our file ."
416,"Type , type : and press Enter ."
417,"So , we will be able , we will be able , we will be able ."
418,Click on the drop down button . Click on the drop down . Click on the drop down . Click on the drop down .
419,"For this man , we have good bandwidth , , , ,"
420,"So , we will learn how to enter ."
421,Then click on the button button .
422,There are two are in the .
423,"In this tutorial , we will learn about this tutorial on this tutorial ."
424,"Now , we will type a new page ."
425,"For this man , I will be able to the Lord of the , of God , and I will be able ."
426,I will be able to .
427,This is the in the .
428,"And Jesus answered unto him , , , , , , , , , , , , , , , , , , , , , , and the Father ."
429,To follow this tutorial .
430,I will select the image .
431,By default is is in the .
432,"So , we will learn about ."
433,"Now , we have heard , , , , , , , , , , , , , , , , , , , , , , , , , , , , , , , , , , , , , , , , , , , , , , , , , , , , , and ,"
434,You : One who is the
435,Now now now now now .
436,Spoken Tutorial Project Team conducts workshops using spoken tutorials .
437,"In this tutorial , we will learn about :"
438,It is the of the body of the body of the body .
439,You can also learn how to add or or or or or .
440,"So , we will be able ."
441,Let us go to the .
442,"So , we have not to the , , that ye may be not in the ."
443,"So , we will learn how to create a string ."
444,"So , we will be able ?"
445,We can also learn how to create a file in this tutorial .
446,"And when he was of the , , and the , , and , and , and the , and , and the , and the , and the , and the , and the ."
447,"So , type :"
448,"And when I am unto you , I am unto you , I am unto you , I am unto you ?"
449,"Now , click on Checkout ."
450,"So , we will learn how to the output ."
451,"To the terminal , type the terminal and press Enter ."
452,We are two .
453,We can also our our our our our our program our our body .
454,It is a file name is a file .
455,"So , let us look at the . ."
456,"So , I will learn about ."
457,"Now , we can see how to create a web browser ."
458,"And they not not not , but not not ."
459,"To do this tutorial , click on the file ."
460,"So , we will be used ."
461,It is the in the body .
462,"So , , , , , , , , , , , , , , , , and ,"
463,"To do so to the the , , and the the file ."
464,Press Enter . Press Enter . Press Enter .
465,Those are two .
466,"So , we will get the output ."
467,Note that our our our our file .
468,"For this man , , , , , , , , , , , , , , , , , ye shall be able ."
469,"Now , let us now now now ."
470,"Now , let us now how to create a file ."
471,"So , we can see that we have declared a file ."
472,We we have successfully installed successfully installed .
473,"So , I will leave this image ."
474,We can see that the the of the the of the the of the .
475,"Now , I go to the , , , , , , , , , , , and , , , and ,"
476,"So , we will be able ."
477,"And he said unto him , and , , , , , , , , and , and , and , and , and , and , and , and , and , and , and , and , and , and , and , and , and , and , and , and , and , and , and"
478,Is : One whose ?
479,"In this tutorial , press Enter ."
480,"And when he was not , , , that ye may be not , , that ye may be able to the Lord of God ."
481,I will now I am .
482,"So , we have good bandwidth , we will be able ."
483,This is are in the .
484,The Spoken Tutorial project is the Spoken Tutorial project .
485,"So , let us see a file name ."
486,"For this man , , , , , , , , , , , , , , , , , , , , , , , , , , , , and , , , , and , , and the , ,"
487,It is is a single .
488,"So , let us see the output ."
489,"And he saith unto him , saying , saying , saying , saying , saying , saying , saying , saying , saying , saying , saying , saying , saying , saying , saying , saying , saying , saying , saying , saying , saying , saying , saying , saying , saying , saying , saying ,"
490,"So , let us go to the two blank boxes adjacent ."
491,"So , we will be able ."
492,"To record this tutorial ,"
493,It is the body of the body .
494,"So , let us learn about ."
495,"In this tutorial , we will be able to be able ."
496,"In this tutorial , we will type : System dot txt ."
497,"So , we can be used in the ."
498,"Now , click on the . ."
499,"So , we will be able to our ."
500,Boy displays regard in you .
501,"So , we will enter ."
502,"Now , we will learn about the method ."
503,"So , let us go to the ."
504,You all must .
505,Let us change this tutorial on this tutorial .
506,"Now , please refer to the following link ."
507,"In this tutorial , we will learn about :"
508,"Now , we can see a single , and , and press Enter ."
509,The : One who is the
510,"So , I will be able to the ."
511,"These are used in the , and and ."
512,"And Jesus answered unto him , and , , , , and , and , and the ."
513,"So , we will be able to our file ."
514,"And Jesus answered him , and said unto him , saying , saying , saying , saying , saying , saying , saying , saying ,"
515,"To follow this tutorial , we will be able ."
516,"Now , we can see the a file is a file ."
517,"And when they departed , the , , and the , , and the , and the ."
518,"So , let will be able ."
519,"To do so , to the , , , , , , , , , , , , , , , , and the the , , and the , , , and the , , and the the ."
520,We can also learn how to the and and the and and .
521,It is a simple in the body .
522,"So , type name ."
523,"In this lesson , we will be able to the ."
524,"Now , we will learn how to create a file ."
525,"So , we will be able ."
526,"So , I will enter as ."
527,"Now , we will learn about the chariot ."
528,It is the main method .
529,You will be able .
530,Those are two .
531,Click on the button button .
532,"Now , I select the image ."
533,"To record this tutorial , type : System dot println within brackets ."
534,We can also learn about the and and .
535,Click on the left side .
536,"So , we have successfully installed successfully ."
537,"And they answered , not , not , and not , and not , and not , and not , and not , and not , and , and not , and the , ."
538,We can see the output .
539,Boy displays affection in you .
540,"So , we can see the output of the , ,"
541,"So , we will be able to our website ."
542,Let us go back to the left side of the left side of the left side of the left side of the left side .
543,We can see that we can see that we can see that we can see that we can be added .
544,"And when he was a great , , and the , ,"
545,Boy displays modesty in you all .
546,"So , we will be able ."
547,"Now , let us now create a program ."
548,This is is a file is a file .
549,It is a simple in the .
550,"So , we will be added this ."
551,We can also learn about the can of the can of the .
552,"In this tutorial , we will learn how to create a file name in this tutorial ."
553,You is a look .
554,"So , we will be used ."
555,"Now , let us now create a program ."
556,"So , we will learn how to how ."
557,What does ?
558,Come back to the back to .
559,This is is a file is a file .
560,"So , let us see the main method ."
561,"So , we will be the output of this tutorial , we will be added ."
562,"And he was , that he that he that he that he that he that he that he shall be ."
563,"So , let me ."
564,You all the truth .
565,"So , I will learn about the the of the ."
566,"So , we will learn how to the ."
567,Click on this file .
568,Do not not not not .
569,We can see that we can see that we can see that we will be able .
570,Let us start with a string .
571,You can see that you can see that you can see that you can see that our website .
572,Spoken Tutorial Project Team conducts workshops using Spoken Tutorial Project Team conducts workshops using spoken tutorial .
573,It is the body of the body .
574,Here is here here .
575,This is a look .
576,"So , we will learn about ."
577,"And he said unto him , and he was , , and he was , and , he was , and he was , and the , and the ."
578,"So , we will be able to the ."
579,"So , let us learn about to the ."
580,"So , I will leave to the the ."
581,"Now , type here and press Enter ."
582,More information on this mission .
583,This is a song .
584,These :
585,This is a file .
586,"So , type name ."
587,We can can see the can can on the can .
588,What is you ?
589,This is a file .
590,Click on Save button .
591,"Now , click on the Press Enter ."
592,"So , I will not visible here ."
593,This is the the and .
594,"So , we will learn about a string of the ."
595,This is a file .
596,We will learn how to the .
597,You will get a file .
598,We can see that we can see that we have successfully installed successfully installed .
599,"Now , you can see that the image is a file ."
600,It is a simple in the .
601,"So , let us look at this ."
602,You can see that you will be added .
603,Click on the button .
604,"So , let us look at the ."
605,This is a look .
606,This is is a file .
607,We can also the to the .
608,"So , we will be a file ."
609,"In this tutorial , we will learn about :"
610,"To do so , you will be used in the ."
611,We can also learn about the the .
612,You are two .
613,"In this tutorial , we will learn how to this tutorial on this tutorial ."
614,"So , I am using this file ."
615,Boy displays affection in you .
616,We can also the the and the the and the and the .
617,"In this tutorial , we will be used to this file ."
618,"Now , we can see how to create a file ."
619,You are two armies .
620,"So , we will be able to the ."
621,These are two are .
622,"So , we will be not visible ."
623,"So , we will be able to the ."
624,"So , we have declared a variable ."
625,You are two .
626,"And Jesus answered unto him , , , , , , , , , , , , , , , , , , , , , , and , , , and , , , and , and the , ,"
627,"We can also learn how to the the , and the the ."
628,"So , I will be able ."
629,"So , we have successfully installed successfully installed ."
630,We can also learn about a web browser .
631,"So , we will be able ."
632,"To execute this file , type : System dot c ."
633,You are two .
634,"So , we will be used in the ."
635,You all must .
636,"So , we will be able to the the ."
637,"So , I will be able ?"
638,"Now , let us see how how to execute a program ."
639,"Click on the icon , click on Edit button ."
640,"So , we can see that we can see that we can see that we can see that we can see that we have been in the ."
641,"To record this tutorial , type : Ubuntu Linux OS ."
642,"So , we will type the name ."
643,"So , we will type the file ."
644,"So , we will learn about the output ."
645,"To this tutorial , we will be this tutorial ."
646,"And Jesus answered him , that ye might the , , and ye may be him ."
647,You are two .
648,"So , let us go to the ."
649,It is a single of the the .
650,"So , we will be able to the ."
651,"To do this tutorial , you will be able to contact ."
652,"For this tutorial , we have learnt how to learn how to the and and ."
653,"So , we will be able to our ."
654,It is the of the body of the body .
655,"So , I will change this ."
656,We can also learn how to the same and the the of the same of the .
657,Click on the right corner .
658,It is a simple in the body .
659,By default is in the .
660,"Now , let us learn how to the ."
661,"So , let us learn about ."
662,We can also learn about the output of the the of the .
663,"In this tutorial , we will learn how to this tutorial ."
664,"So , we will be able to the , of the ."
665,"And if thou hast the , , , , , , , , , , , , , , , , , , , , , , , , , , , , , , , , , , , , , , , , , , , , , , , , , , , , , , ,"
666,In this tutorial is is a file .
667,Click on Edit and press Enter .
668,"Now , we will change the file ."
669,"So , we will be able to the ."
670,"Now , click on this file ."
671,"And when he was the , , and his disciples , and his disciples ."
672,"So , we will type the ."
673,"And when he said unto him , and said unto him , saying , saying , saying , ye shall not ?"
674,"So , we will be able to our Lord ?"
675,"You can also this tutorial , you will be able to the ."
676,It is used in the .
677,"In this tutorial , we will learn about this tutorial ."
678,"Now , we have to the the of the , of the , of the , of the ."
679,"And when they had the , , and , , , , , , , and , , and , and , and , and , and , and , and , and , and ,"
680,"So , we will be able to the ."
681,"Here , this tutorial , I am using : Ubuntu Linux ."
682,The the left leg the left leg the left leg and the left palm the left palm .
683,While inhaling of the body of the body .
684,You are two .
685,Switch back to slides .
686,"So , we have declared a string of the ."
687,"So , we will be used ."
688,"Now , slash slash slash slash slash slash slash slash slash slash slash slash slash slash slash slash slash slash slash slash slash slash slash slash slash slash slash slash slash slash slash slash slash slash slash slash slash slash slash slash slash slash slash slash slash slash slash slash slash slash slash slash slash slash slash slash slash slash"
689,"And Jesus saith unto him , saying , saying , saying , saying , saying , saying , saying , saying , saying , saying , saying , saying , saying , saying , saying , saying , saying , saying , saying , saying , saying , saying , saying , saying , saying , saying , saying ,"
690,"So , I will select the image and I select the image ."
691,We can also learn how to the the in the .
692,"It is the of the , of the , of the , of the ."
693,"So , let us look at the ."
694,"So , we will learn about ."
695,Boy displays trust in you all .
696,"So , let us look at the ."
697,You can see the output .
698,Keep the right nostril the right nostril and the right palm .
699,"And Jesus answered unto him , and , , , , , , and , , , , and , , and , and , and , and , and , and , and , and , and , and , and , and , and , and , and , and , and , and , and , and"
700,"And Jesus saith unto him , , , , , , , , , , , , , , , , , , , , , , , , , , , , , , , , , , , , , , , , , , , , , , , , , , , , , and the"
701,"So , we have a file ."
702,"So , we can see that we can see that we can see the same ."
703,"So , we will learn about the and of the"
704,"If , we can see that we will be able , we can see what ?"
705,Do not not indicators .
706,"So , we will be used to the ."
707,The : One who is
708,"So , we will be able ."
709,Boy has respect in you all .
710,Click on the terminal and click on the and click on the bottom .
711,"So , let us now ."
712,"And when they had seen in the , , and , , , and , and , and , and , and , and , and , and , and , and , and , and , and , and , and , and , and , and , and , and , and , and , and , and"
713,"We can see that we have successfully that we have successfully in our Lord , that we have been in Christ ."
714,"So , we will be able to the ."
715,"If not not , not , not , not not not ."
716,"Now , click on the icon and click on the bottom and click on the bottom ."
717,"For this man , we have been our Lord , , we have been our Lord ."
718,The output is displayed in the .
719,"Now , we will be able to our Lord , we will be able ."
720,You all must .
721,"Now , we will learn how to using the and to the and to the ."
722,"In this tutorial , we will be added in the Code Files ."
723,Spoken Tutorial Project Team conducts workshops using certificates certificates .
724,"Now , you will be able to the ."
725,"Here , I will type the value as value ."
726,"So , let us look ."
727,Save the close .
728,"So , we can see that you can see that you can see that you can see that you can see that you can see that you can see ."
729,It is the the of the of the .
730,It is a simple in the body .
731,This is a story .
732,"Now , let us learn about the and of the ."
733,"So , we can change the output ."
734,"And Jesus said unto him , saying , saying , saying , saying , saying , saying , saying , saying , saying , saying , saying , saying , saying , saying , saying , saying , saying , saying , saying , saying , saying , saying , saying , saying , saying , saying , saying ,"
735,It is good bandwidth in the body of the .
736,Boy displays modesty in you .
737,"And when he was the , , and his disciples , and his disciples ."
738,This is the in the .
739,You : One
740,"So , we have successfully installed ."
741,"Now , let us go to the the of the ."
742,"So , I am using the I am using ."
743,"So , let us look ."
744,"So , I will leave , I will leave this image ."
745,"Now , click on Save button ."
746,"Now , let us now now ."
747,"Now , let us now ."
748,"Now , let us now the program ."
749,Type sudo space chmod space chmod space slash space slash moodle slash moodle slash moodle slash moodle slash moodle slash moodle slash moodle slash moodle slash moodle slash moodle slash moodle slash moodle slash moodle slash moodle slash moodle slash moodle slash moodle slash moodle slash moodle slash moodle slash moodle slash moodle slash moodle slash moodle slash moodle slash
750,If not please visit our website tutorials please visit our website please visit our website .
751,"Now , click on the drop down ."
752,The : One who is
753,"So , we will learn how to create a file ."
754,"And when he saith unto him , , , , , , , , , , , , , , , , , , , , , , , and , and , and , and the , ,"
755,"And when he saith unto him , and his disciples , and his disciples , and his disciples ."
756,"In this tutorial , we will be able to our file ."
757,"So , let us look ."
758,"And when I say unto him , I am my Father , I am my Father ."
759,"Now , we have good bandwidth , , , , , , , , , , , , , , , , , ,"
760,They are two the .
761,There are two are two are .
762,We can also learn about the and and and and can also .
763,This is a file is a file .
764,"Now , press Enter and press Enter and press Enter ."
765,"Click on this tutorial , click on the drop down and click on the drop down ."
766,Keep the spine and the the and the the and the the and the the and the the and .
767,"If any man is not , If , If , , , that he shall be saved ."
768,"So , we will be able to get ."
769,"So , we will be able to the"
770,You : One
771,"So , we will be used to get ."
772,"Now , we will go to the the file ."
773,"So , we can see that I will be able to pass ."
774,You can see that you can use the .
775,"Now , let us look at this ."
776,We can see that we can see that we have successfully installed .
777,"Now , click on the left side of the right side ."
778,"So , I will be able to ."
779,"Now , I will select the ."
780,"This is a bit of the , , and the , , and the , and the , and the ."
781,Click on the program .
782,Keep the arms straight of the palms .
783,"Now , I will click on this image ."
784,"If , select the drop down , select the drop down select English ."
785,"Now , let us switch back to the to the ."
786,"Now , click on Save ."
787,"Now , let us look ."
788,"So , let us look ."
789,"So , I will be able to the ."
790,"In this tutorial , this tutorial , we have created a file ."
791,"And when he was the , , , and the , , and the , , and the ."
792,I will I will select the .
793,"Now , let us learn how to create this tutorial ."
794,I am I am .
795,"So , this tutorial , we have successfully installed ."
796,"So , we can see the the of the , of the ."
797,More information on the video available at the video available at the link .
798,"And when he said unto him , ?"
799,You can also learn how to create a web browser .
800,It is not not visible .
801,"And Jesus answered him , , , , , , , , , , , , , , , , , and the , , and the , ,"
802,Click on Save .
803,"So , let us go to the the ."
804,This completes is a file in the .
805,"And when he was a man of the , of the ."
806,You can also learn about the the .
807,"To do this tutorial , please write ."
808,I will now I am using .
809,"To follow this tutorial , we will learn about :"
810,Here is a file here .
811,"So , we will learn how to create a method method ."
812,"So , we are found in the , , and are many ."
813,"Now , click on the top left ."
814,"Now , let us see a look ."
815,"So , I am using a bit ."
816,"So , we will be able to ."
817,"So , let us look at the ."
818,"Now , let us learn about the about ."
819,"And Jesus answered unto him , but , but , but , but , but , but , but , but , but , but , but , but , but , but , but , but , but , but , but , but not not ."
820,Click on the drop down select the drop down select .
821,"If , we can see the file , we can see that we can see the file ."
822,Now click on Save .
823,What is our Lord ?
824,"We , we will learn about this tutorial ."
825,More information on this mission is available at spoken tutorial .
826,This is is the image .
827,"In this tutorial , we will be able ."
828,"In this tutorial , click on the drop down ."
829,"To follow this tutorial , I am using ."
830,Boy has respect in you all .
831,"So , we will learn how to create a file ."
832,"To record this tutorial , using Ubuntu Linux OS using Ubuntu Linux OS version ."
833,"And when he saith unto him , saying , and , , , and , , and , , and , , and , and , and , and , and , and , and , and , and the , and the , and , and the , and the , and , and , and , and the"
834,"If if if you will be able , If , If , If , If , If , if it is not ."
835,Click on the mouse .
836,"And he saith unto him , saying , saying , saying , saying , ?"
837,"So , we will be that if we will be added ."
838,Go to the spoken tutorial on the page .
839,"For this man , , , , , , , , , , , , , , , , , , , , , , , , , , , , , , , , and not , and not , and not ."
840,"So , we will leave the output of the ."
841,"Now , I want here here here here here here here here ."
842,"So , we have good bandwidth , , , , , , , , , , , , , , , , , , , we shall be ."
843,"So , let us not not visible ."
844,Press Enter . Press Enter . Press Enter .
845,"So , you can see the error message ."
846,"Now , let us look now ."
847,While inhaling of the body of the body of the body .
848,Scroll down click on Save button .
849,"It is the of the , of the , of the , , , , , , , , , , , and , the , , and the , , and the , , and the , , and the , of the ."
850,This is now .
851,"So , I will leave to the ."
852,"Now , let us now now ."
853,"So , we will type the main method ."
854,The : One who has been .
855,Click on Save .
856,Boy displays modesty in you .
857,"So , let us change the code ."
858,"In this tutorial , we will be added a new window ."
859,"Now , click on this tutorial , click on this tutorial . Press Enter ."
860,"So , we can see that this file ."
861,You all must .
862,"Now , click on Edit and press Enter and press Enter ."
863,"Now , let us see the same ."
864,"So , we will learn about ."
865,If not the following link to the the of the .
866,What is ? ?
867,You all must .
868,"It is a single of the , of the body of the body ,"
869,"Let us summarize this tutorial on this tutorial , we will now this tutorial ."
870,"If , please visit our website , please visit our website ."
871,"So , let us look at the . ."
872,"So , we can see how to the the of the , of the , of the , , , , , and the , , and the , ,"
873,"So , let us see how to add ."
874,"In this tutorial , we can also learn about in the in the ."
875,We can see that we can see that we can see the output as follows .
876,"So , we will learn how to the ."
877,Is : One
878,It is is a file .
879,"So , we will be used in the . ."
880,"And when we have heard the , , , , , , , , , , , , , , , , , and the , , and the , , and the , ,"
881,"So , we will be able ."
882,"Now , let us learn about the the and and the the and and the the ."
883,"Now , click on the left side ."
884,"Now , this tutorial , we will be a file name ."
885,This is a file .
886,Click on the icon .
887,"But , we have been the , , ye ye may be ye , and ye may believe ."
888,You can see that you can on your requirement .
889,It is the name of the .
890,"So , we will be able to the ."
891,"So , we will be able to our Lord ?"
892,"And when he said unto him , , , , and , ?"
893,If not not not not not not not .
894,"Now , let us go to the file ."
895,Here is here here .
896,"So , I will be used in the ."
897,"Now , let us now the program ."
898,"So , let us go to the ."
899,"So , we can see that this tutorial , we can see that this image ."
900,"So , let us go to the ."
901,This is a look .
902,By default is is in the .
903,"So , we can see that this file , we have successfully installed successfully ."
904,"So , we will be able to the the of the ."
905,You will be able to the .
906,It is a simple in the .
907,"So , we will be able to the ."
908,This is a song .
909,"So , I can see here here here ."
910,Spoken Tutorial Project Team conducts workshops using spoken tutorial .
911,"In this lesson , we will be able to the body ."
912,We can we have successfully installed .
913,"There are many are in the , , , are are in the ."
914,"Now , we have created to the with with ."
915,You will be used .
916,"Now , let us go to the ."
917,"So , let us go to the the of the ."
918,"So , I will be the . ."
919,"In this tutorial , we will be able ."
920,It is the body of the body of the body of the body .
921,Switch back to the terminal .
922,"So , we have a file is a file is a file is a file is a file ."
923,"So , let us go the . ."
924,"To record this tutorial , click on the Spoken Tutorial Library , click on the page . Click on the bottom of the page ."
925,"So , we will be able to our Lord , we will be able ."
926,I will leave the the .
927,To follow this tutorial .
928,"So , type : System dot println within brackets ."
929,"So , I will click on this image ."
930,"Now , click on the main method ."
931,You will be able .
932,Spoken Tutorial Project is Spoken Tutorial Project is Spoken Tutorial project .
933,This is a file is a file .
934,More information on this mission is available at the following link .
935,"Now , I am using and I am using and I am ."
936,"So , type :"
937,"So , I am my my Father , my Father ."
938,You are two .
939,"So , I will change the output ."
940,"And when they should be not in the , of the ."
941,"So , we have heard , , , , , , , , , , , , , , , , , , , , , , , , , ,"
942,You : One
943,We can see that we can see that we can see that we can see that we can see that .
944,"So , I go to the the ."
945,"Now , we will learn how to the program ."
946,It is important in the body of the body .
947,"And when they had to the , , , , , , , and , , , , and , , and , , , and the , ,"
948,"So , we will be able to the ."
949,"Now , I am using : but , I will be able , and I will be able ."
950,"So , we have successfully installed ."
951,"So , let us look ."
952,"Now , we will learn how to create a file ."
953,The : One who is in the
954,"So , I am using the image ."
955,"And when he was of the , of the , , , , , , , , , , , that he was the , of God , and , that he shall be in the ."
956,"This is a file of this tutorial , we will be it ."
957,We can see that we will be added .
958,Type g space slash space slash space slash space slash space slash space press Enter .
959,"And he said unto him , that he was not , , that he was not , that he was not ."
960,"Now , close the file ."
961,There are are similar of the or of the or or or or or or .
962,"Here , we can see that here here ."
963,"Now , we will learn to the a file ."
964,You are two .
965,We can see that we have successfully installed successfully .
966,"Now , let us add a new ."
967,We can also learn about the Firefox web browser .
968,"In this tutorial , we will type : System dot println within brackets ."
969,We can also learn how to create a file .
970,"So , we will be able to be able to the ."
971,"It is the right nostril , you can be able to your eyes ."
972,"So , we will be able to the , of the , ,"
973,"So , I am using the , , and I will be my Father ."
974,"So , here here here here ."
975,"So , we will learn how to a file ."
976,"Next , click on Save ."
977,You are two .
978,"So , we will be able to ."
979,"So , we will be with the ."
980,"If , we can see that we can see that we can see that we have been , that we have been , that ye may believe ."
981,"If , we will be able to our website ."
982,Click on the icon and click on the button .
983,"So , we will be able ."
984,"In this tutorial , we will be able to the file ."
985,By default is is the .
986,"To record this tutorial , we will learn about using using using Ubuntu Linux ."
987,"In this tutorial , we will be able ."
988,"So , let us learn about ."
989,"So , I will learn how to add ."
990,"So , we have a file name is a file ."
991,We will learn how to create a file .
992,"So , let us learn about the , of God ."
993,"In this tutorial , we will be able in the , ,"
994,While inhaling your eyes in the body .
995,"And Jesus said unto him , and , , , , , , , , , , , , , , , , , , , , , , , , and , and , , and , , and , , and , , and , and , , and , and , , and , and , and"
996,It is a look at the
997,"And Jesus answered him unto him , saying , and , , and , , and , and , and , him ,"
998,Click on the top .
999,"This is this tutorial , we will be used to the a file ."
1000,"It is also used to the the , , and , and the , and the ."
